{
  "0": [
    126.39169378199765,
    56.643238995825136
  ],
  "1": [
    67.95152487141982,
    13.47930266555554
  ],
  "2": [
    67.61650151442265,
    19.84089674393943
  ],
  "3": [
    83.78770785574763,
    17.91726578595151
  ],
  "4": [
    76.32905038343728,
    17.19887221909848
  ],
  "5": [
    92.48517029805609,
    14.873377484684989
  ],
  "6": [
    111.55815684334239,
    72.89068404362219
  ],
  "7": [
    256.88971102428724,
    127.82375854349439
  ],
  "8": [
    236.47189742399433,
    93.09886875019832
  ],
  "9": [
    212.39286599446652,
    101.42169748018758
  ],
  "10": [
    210.5163244398206,
    86.15765069912196
  ],
  "11": [
    208.50240277801143,
    69.47333603325072
  ],
  "12": [
    109.65534021094844,
    96.29676250224162
  ],
  "13": [
    130.3424789961121,
    78.20033738519685
  ],
  "14": [
    239.58951114233614,
    12.249132267982516
  ],
  "15": [
    237.98772732102717,
    4.381772576169452
  ],
  "16": [
    251.5817539339645,
    5.331186957447164
  ],
  "17": [
    186.35820765541612,
    64.67127258271495
  ],
  "18": [
    231.8311282174257,
    72.86177926650764
  ],
  "19": [
    110.53101600085098,
    124.22434840515238
  ],
  "20": [
    214.62900196935237,
    96.87326509465966
  ],
  "21": [
    229.80160497274557,
    118.20886196994243
  ],
  "22": [
    226.56357182805996,
    106.5038960510306
  ],
  "23": [
    213.39315151988396,
    120.01414334762258
  ],
  "24": [
    199.91998266638666,
    128.38328175776206
  ],
  "25": [
    221.46048135479668,
    135.8017608591083
  ],
  "26": [
    177.42673243551192,
    108.49367113236637
  ],
  "27": [
    183.34794809666855,
    133.41895967118924
  ],
  "28": [
    138.1034710402286,
    98.64550931497017
  ],
  "29": [
    176.75863235944414,
    54.1311593381525
  ],
  "30": [
    142.80680246379424,
    109.94743440042498
  ],
  "31": [
    166.20406721487458,
    126.98982353725472
  ],
  "32": [
    103.26285682326947,
    65.99740130079502
  ],
  "33": [
    99.96605518365376,
    102.46585827428218
  ],
  "34": [
    103.09978746701974,
    83.19036210940737
  ],
  "35": [
    119.14245874738678,
    108.90854152586788
  ],
  "36": [
    125.3271231103847,
    126.00499292612126
  ],
  "37": [
    158.36707143346933,
    95.31864137244095
  ],
  "38": [
    254.00917752735302,
    138.92981951671632
  ],
  "39": [
    266.95443429450705,
    118.71650384822155
  ],
  "40": [
    262.8129067849785,
    84.00680509467861
  ],
  "41": [
    249.11323850815495,
    82.57188027191128
  ],
  "42": [
    265.0524927666833,
    106.03584950510285
  ],
  "43": [
    247.14529963293967,
    112.7430889840056
  ],
  "44": [
    239.4324861264146,
    30.608962484141074
  ],
  "45": [
    249.70957040402132,
    61.572897358678716
  ],
  "46": [
    157.16098054129696,
    34.0873750922576
  ],
  "47": [
    179.28686350103504,
    82.01290735106701
  ],
  "48": [
    134.3936051891839,
    37.0170091725536
  ],
  "49": [
    193.4210923219499,
    31.46479306744651
  ],
  "50": [
    247.99364847588106,
    50.409882873659235
  ],
  "51": [
    146.82958918461307,
    20.091834427146672
  ],
  "52": [
    98.76356624413536,
    37.81733593704699
  ],
  "53": [
    108.63029299670723,
    6.343839793187077
  ],
  "54": [
    33.563088368001694,
    29.39705452319045
  ],
  "55": [
    36.3309248417432,
    5.123949423409176
  ],
  "56": [
    198.42615581709586,
    2.04339880644149
  ],
  "57": [
    140.88120271156683,
    15.002216390935656
  ],
  "58": [
    140.06199922330367,
    23.488731632000743
  ],
  "59": [
    91.72557632860574,
    22.34192260144151
  ],
  "60": [
    101.0302296503633,
    23.19742394538116
  ],
  "61": [
    101.78120624962135,
    15.368277303548773
  ],
  "62": [
    38.60041088165451,
    12.616667289018926
  ],
  "63": [
    41.11701161666044,
    18.387638341192893
  ],
  "64": [
    35.50074863125114,
    18.052390113869922
  ],
  "65": [
    60.55503387012079,
    16.349987830024652
  ],
  "66": [
    27.176190791113658,
    14.939036460997619
  ],
  "67": [
    50.6060788127975,
    15.875873807463886
  ],
  "68": [
    17.026772734520122,
    14.643888355341739
  ],
  "69": [
    88.59390103322596,
    70.14892530133885
  ],
  "70": [
    130.3424789961121,
    78.20033738519685
  ],
  "71": [
    128.6014645524097,
    101.21374188318097
  ],
  "72": [
    208.50240277801143,
    69.47333603325072
  ],
  "73": [
    210.5163244398206,
    86.15765069912196
  ],
  "74": [
    184.3192617474207,
    51.380481266227115
  ],
  "75": [
    167.5693527882361,
    63.06526598671644
  ],
  "76": [
    166.28333053404913,
    48.34429711238829
  ],
  "77": [
    140.88498187571645,
    52.33052462110752
  ],
  "78": [
    149.94431647291103,
    45.81782654706656
  ],
  "79": [
    149.5262512023862,
    73.09609738968709
  ],
  "80": [
    154.22822092453188,
    56.537960912200575
  ],
  "81": [
    258.87478725876394,
    114.87017634280785
  ],
  "82": [
    272.1482205963569,
    110.35426207843793
  ],
  "83": [
    268.9811740546738,
    125.83070645780411
  ],
  "84": [
    271.6640372198789,
    141.00434151479217
  ],
  "85": [
    256.9691425373812,
    47.20736758521808
  ],
  "86": [
    257.7219027439349,
    60.08801317755841
  ],
  "87": [
    261.06262652819674,
    74.75824510311776
  ],
  "88": [
    239.92739294520604,
    51.154685364602685
  ],
  "89": [
    241.0410973124925,
    141.49997821669183
  ],
  "90": [
    240.20511198273883,
    134.4342757459097
  ],
  "91": [
    149.44815659170953,
    92.90303609286376
  ],
  "92": [
    161.19984057091588,
    86.89719233355777
  ],
  "93": [
    209.47406308061767,
    138.06546015661374
  ],
  "94": [
    190.9854898101865,
    136.51571786343237
  ],
  "95": [
    174.97623730977068,
    117.95647102841617
  ],
  "96": [
    165.5978942287255,
    118.59504370348678
  ],
  "97": [
    174.26731680190468,
    136.11560703996838
  ],
  "98": [
    159.5852520034483,
    136.23197922310425
  ],
  "99": [
    149.49874494551477,
    134.01707493570046
  ],
  "100": [
    124.41970028438625,
    119.15895411562533
  ],
  "101": [
    138.09154148887305,
    118.28807688290826
  ],
  "102": [
    137.0516871804803,
    132.74762004784228
  ],
  "103": [
    124.07868975195902,
    131.85052321475032
  ],
  "104": [
    90.88434224778024,
    109.38639866415902
  ],
  "105": [
    95.49252585450189,
    126.56248245956677
  ],
  "106": [
    106.07369614251445,
    116.6836643604212
  ],
  "107": [
    109.55944207691785,
    130.17717091453397
  ],
  "108": [
    97.33470493890206,
    77.23820247135399
  ],
  "109": [
    84.83201202966981,
    82.94660330533019
  ],
  "110": [
    90.98052823821425,
    79.75628564553662
  ],
  "111": [
    133.69722642392924,
    54.81206039667879
  ],
  "112": [
    114.94653469779382,
    57.635152219674985
  ],
  "113": [
    84.01310368492032,
    49.893120083115676
  ],
  "114": [
    88.259405756338,
    60.36378939418198
  ],
  "115": [
    132.04909695264215,
    20.072398316657853
  ],
  "116": [
    183.16532296193094,
    117.36416619292889
  ],
  "117": [
    184.8160199168232,
    125.9244295664661
  ],
  "118": [
    230.0592865302971,
    136.69811526283578
  ],
  "119": [
    247.40576891285778,
    131.9887709368462
  ],
  "120": [
    6.274486692670476,
    14.165729207805716
  ],
  "121": [
    178.68512247627444,
    21.173066596864572
  ],
  "122": [
    153.59045056912217,
    19.44778231145593
  ],
  "123": [
    150.3676303097416,
    120.1827822472397
  ],
  "124": [
    212.39286599446652,
    101.42169748018758
  ],
  "125": [
    236.47189742399433,
    93.09886875019832
  ],
  "126": [
    165.19976409992464,
    14.553868786869092
  ],
  "127": [
    199.7333333850592,
    113.14843838876938
  ],
  "128": [
    243.49153814396428,
    62.73498786194906
  ],
  "129": [
    237.92640968197054,
    116.42830722140607
  ],