{
  "0": [
    191.92935571518007,
    98.81897888712027
  ],
  "1": [
    172.67244994183324,
    111.66525044504053
  ],
  "2": [
    189.1392029747972,
    9.268652098988099
  ],
  "3": [
    200.9462954567884,
    7.59847686463749
  ],
  "4": [
    217.2796016878588,
    4.566496614075589
  ],
  "5": [
    179.0312340268306,
    10.4007231187787
  ],
  "6": [
    165.2848960424913,
    11.19750962933162
  ],
  "7": [
    154.1456417397298,
    11.72320155506429
  ],
  "8": [
    141.2335260935024,
    11.46977601195422
  ],
  "9": [
    132.8148559738206,
    11.40446999477703
  ],
  "10": [
    124.0728690238343,
    11.34239641378358
  ],
  "11": [
    116.6637024687975,
    11.24305689123852
  ],
  "12": [
    84.48904151219404,
    10.85188168833687
  ],
  "13": [
    68.06396032436407,
    10.28658710577998
  ],
  "14": [
    60.60510584726819,
    10.2017398938258
  ],
  "15": [
    50.61428862094408,
    9.986802387822394
  ],
  "16": [
    38.61831824008047,
    9.739880890313167
  ],
  "17": [
    27.37206728201497,
    9.59296009736553
  ],
  "18": [
    17.19429393689143,
    9.423890533878733
  ],
  "19": [
    6.349415307050833,
    9.11395200423705
  ],
  "20": [
    83.06220276508475,
    24.84202117763184
  ],
  "21": [
    67.45885219499874,
    23.01248701238419
  ],
  "22": [
    60.46524791430411,
    22.49654540860167
  ],
  "23": [
    50.48350168194406,
    21.76015856814371
  ],
  "24": [
    41.02583592445589,
    21.11364925501046
  ],
  "25": [
    35.34682969393324,
    20.79492738648703
  ],
  "26": [
    26.89039432336222,
    20.32032835050254
  ],
  "27": [
    16.84658744721901,
    19.86293068777726
  ],
  "28": [
    6.079318736935875,
    19.22924071348682
  ],
  "29": [
    109.4718116080644,
    11.09817010673564
  ],
  "30": [
    102.118471322176,
    11.0464118545859
  ],
  "31": [
    92.95631632936647,
    10.9015613917289
  ],
  "32": [
    219.165018607981,
    19.05579252672746
  ],
  "33": [
    202.5793137143505,
    21.52366231113396
  ],
  "34": [
    190.8838737707724,
    23.03155272398712
  ],
  "35": [
    179.0560779878892,
    24.51957523228324
  ],
  "36": [
    164.9248038938408,
    26.15869551532509
  ],
  "37": [
    153.0286872181191,
    27.44704013505529
  ],
  "38": [
    139.5762634628941,
    28.46424415668284
  ],
  "39": [
    131.3164818150713,
    28.71468145392996
  ],
  "40": [
    122.6158651452884,
    28.44768151593584
  ],
  "41": [
    115.4633105561975,
    27.83508173988943
  ],
  "42": [
    108.2590340364281,
    27.33631379703715
  ],
  "43": [
    100.7095219439968,
    26.71385196434662
  ],
  "44": [
    91.39833950664863,
    25.84049956215117
  ],
  "45": [
    129.0779855638646,
    55.80231038068023
  ],
  "46": [
    132.5049581678683,
    46.81809926163356
  ],
  "47": [
    154.7211979649199,
    59.50625716512994
  ],
  "48": [
    143.942609580069,
    55.22560267504957
  ],
  "49": [
    150.2053008273855,
    48.35936677038949
  ],
  "50": [
    149.682210409143,
    43.26536279843262
  ],
  "51": [
    159.0883771377871,
    49.2360064966268
  ],
  "52": [
    173.4782839302811,
    47.45258772813381
  ],
  "53": [
    165.1265682225371,
    39.01070584452086
  ],
  "54": [
    176.0450520393229,
    62.01243725342633
  ],
  "55": [
    168.2241810777364,
    68.38272785919966
  ],
  "56": [
    161.4348965053236,
    79.07461640570531
  ],
  "57": [
    151.2385561857395,
    98.16751104918498
  ],
  "58": [
    161.8067108814744,
    90.46617309206326
  ],
  "59": [
    170.3387918764593,
    97.26587152689106
  ],
  "60": [
    196.8592191866192,
    87.77102449023036
  ],
  "61": [
    195.1628360228206,
    73.5920568744735
  ],
  "62": [
    183.3718496594252,
    43.66090728447293
  ],
  "63": [
    236.0799059853912,
    1.008834129519386
  ],
  "64": [
    240.1483964781716,
    15.08915696962563
  ],
  "65": [
    227.5608188550407,
    47.59440807458049
  ],
  "66": [
    201.4135407455185,
    56.75479858897873
  ],
  "67": [
    198.9777585279752,
    36.86337920804266
  ],
  "68": [
    218.9061067161489,
    44.35784311865083
  ],
  "69": [
    210.6986035138857,
    45.45113685018427
  ],
  "70": [
    252.1500945812463,
    48.26015810451631
  ],
  "71": [
    243.4202967590259,
    50.50018924528795
  ],
  "72": [
    246.19586674846,
    91.73953389207585
  ],
  "73": [
    244.466755308995,
    67.94945271436157
  ],
  "74": [
    254.739487072979,
    75.93473251894451
  ],
  "75": [
    262.46823316155,
    81.82285836923242
  ],
  "76": [
    264.6782713934103,
    103.5646366090183
  ],
  "77": [
    254.1669433122174,
    96.99956943720792
  ],
  "78": [
    257.9156181772132,
    110.2961004068433
  ],
  "79": [
    257.8110517657981,
    132.9287842525896
  ],
  "80": [
    269.9291507297507,
    131.1228028698123
  ],
  "81": [
    271.1260557419482,
    137.5717468999583
  ],
  "82": [
    246.4177764519141,
    124.5701607957379
  ],
  "83": [
    248.3800655702572,
    139.4561545397473
  ],
  "84": [
    238.1069060034999,
    104.6740313820142
  ],
  "85": [
    240.8353624776967,
    116.1745482166743
  ],
  "86": [
    229.7002126526218,
    126.6795479525792
  ],
  "87": [
    224.752892162722,
    115.8874925211615
  ],
  "88": [
    212.0085656232649,
    98.2097143535402
  ],
  "89": [
    193.48119366728,
    99.96705273465327
  ],
  "90": [
    209.7090684221498,
    115.3663015384153
  ],
  "91": [
    206.2279254357586,
    124.017932060451
  ],
  "92": [
    197.6054100919887,
    125.2777200961135
  ],
  "93": [
    197.84325905669846,
    110.28713972725069
  ],
  "94": [
    200.48843930739005,
    109.00212175770845
  ],
  "95": [
    208.32090297102715,
    109.78829263596685
  ],
  "96": [
    197.48574192838848,
    121.93059770400156
  ],
  "97": [
    206.11007362722256,
    121.16600768648415
  ],
  "98": [
    213.0000913037651,
    130.0875325273462
  ],
  "99": [
    191.3653959130771,
    131.909302406979
  ],
  "100": [
    159.9465295689902,
    132.7094417091501
  ],
  "101": [
    174.804718629925,
    130.8316159762979
  ],
  "102": [
    186.9180153830828,
    117.0169928934709
  ],
  "103": [
    174.7296882412477,
    114.3245701395767
  ],
  "104": [
    165.3513779671186,
    114.96362609108
  ],
  "105": [
    154.0907217929027,
    104.6831170158827
  ],
  "106": [
    144.6611107756676,
    99.45376019952192
  ],
  "107": [
    125.21262365849,
    105.9858885913714
  ],
  "108": [
    149.8624227038547,
    115.133224346621
  ],
  "109": [
    137.5308937897812,
    113.8987376197545
  ],
  "110": [
    150.0071458018662,
    129.3050413682261
  ],
  "111": [
    137.557486754684,
    128.1340053909713
  ],
  "112": [
    99.03812404635559,
    123.8360029369464
  ],
  "113": [
    124.5348761624214,
    127.8149723425157
  ],
  "114": [
    117.0731333292229,
    131.0573616757682
  ],
  "115": [
    109.981618266333,
    126.5306080065201
  ],
  "116": [
    124.6462111200694,
    124.1488156208942
  ],
  "117": [
    105.2463554109586,
    112.6809798796602
  ],
  "118": [
    93.45866708260002,
    104.1823099712957
  ],
  "119": [
    91.4754508521998,
    94.7231601436471
  ],
  "120": [
    89.31921027791293,
    85.3934327987768
  ],
  "121": [
    91.17764669547728,
    81.29791483257065
  ],
  "122": [
    97.69260651786283,
    81.06162354284228
  ],
  "123": [
    84.8271083597815,
    44.49642483483316
  ],
  "124": [
    99.24816695665004,
    69.0139345806709
  ],
  "125": [
    98.08223197341658,
    56.55838578786629
  ],
  "126": [
    108.1059120749728,
    73.55505996624547
  ],
  "127": [
    123.5747947424557,
    56.37158871136475
  ],
  "128": [
    106.5690079702786,
    58.91364334985687
  ],
  "129": [
    114.2954425739613,
    48.47281079849913
  ],
  "130": [
    240.087615272415,
    32.12419599277973
  ],
  "131": [
    250.87979762262125,
    81.38125111250348
  ],
  "132": [
    231.83112821742574,
    72.86177926650764
  ],