{
  "0": [
    197.84325905669846,
    110.28713972725069
  ],
  "1": [
    208.32090297102715,
    109.78829263596685
  ],
  "2": [
    197.48574192838848,
    121.93059770400156
  ],
  "3": [
    206.11007362722256,
    121.16600768648415
  ],
  "4": [
    140.05489898228157,
    23.485158261909053
  ],
  "5": [
    140.87364714549395,
    15.004766500864143
  ],
  "6": [
    212.3907242363656,
    101.42215347587545
  ],
  "7": [
    67.95152487141982,
    13.47930266555554
  ],
  "8": [
    67.61650151442265,
    19.84089674393943
  ],
  "9": [
    83.78770785574763,
    17.91726578595151
  ],
  "10": [
    92.48517029805609,
    14.873377484684989
  ],
  "11": [
    111.55815684334239,
    72.89068404362219
  ],
  "12": [
    256.88971102428724,
    127.82375854349439
  ],
  "13": [
    236.47189742399433,
    93.09886875019832
  ],
  "14": [
    210.5163244398206,
    86.15765069912196
  ],
  "15": [
    208.50240277801143,
    69.47333603325072
  ],
  "16": [
    109.65534021094844,
    96.29676250224162
  ],
  "17": [
    130.3424789961121,
    78.20033738519685
  ],
  "18": [
    239.58951114233614,
    12.249132267982516
  ],
  "19": [
    237.98772732102717,
    4.381772576169452
  ],
  "20": [
    186.35820765541612,
    64.67127258271495
  ],
  "21": [
    91.72557632860574,
    22.34192260144151
  ],
  "22": [
    101.0302296503633,
    23.19742394538116
  ],
  "23": [
    101.78120624962135,
    15.368277303548773
  ],
  "24": [
    38.60041088165451,
    12.616667289018926
  ],
  "25": [
    41.11701161666044,
    18.387638341192893
  ],
  "26": [
    35.50074863125114,
    18.052390113869922
  ],
  "27": [
    60.55503387012079,
    16.349987830024652
  ],
  "28": [
    27.176190791113658,
    14.939036460997619
  ],
  "29": [
    50.6060788127975,
    15.875873807463886
  ],
  "30": [
    17.026772734520122,
    14.643888355341739
  ],
  "31": [
    88.59390103322596,
    70.14892530133885
  ],
  "32": [
    128.6014645524097,
    101.21374188318097
  ],
  "33": [
    184.3192617474207,
    51.380481266227115
  ],
  "34": [
    167.5693527882361,
    63.06526598671644
  ],
  "35": [
    166.28333053404913,
    48.34429711238829
  ],
  "36": [
    140.88498187571645,
    52.33052462110752
  ],
  "37": [
    149.94431647291103,
    45.81782654706656
  ],
  "38": [
    149.5262512023862,
    73.09609738968709
  ],
  "39": [
    154.22822092453188,
    56.537960912200575
  ],
  "40": [
    258.87478725876394,
    114.87017634280785
  ],
  "41": [
    272.1482205963569,
    110.35426207843793
  ],
  "42": [
    268.9811740546738,
    125.83070645780411
  ],
  "43": [
    271.6640372198789,
    141.00434151479217
  ],
  "44": [
    256.9691425373812,
    47.20736758521808
  ],
  "45": [
    257.7219027439349,
    60.0880131775584
  ],
  "46": [
    261.06262652819674,
    74.75824510311776
  ],
  "47": [
    239.92739294520604,
    51.154685364602685
  ],
  "48": [
    241.0410973124925,
    141.49997821669183
  ],
  "49": [
    240.20511198273883,
    134.4342757459097
  ],
  "50": [
    149.44815659170953,
    92.90303609286376
  ],
  "51": [
    161.19984057091588,
    86.89719233355777
  ],
  "52": [
    209.47406308061767,
    138.06546015661374
  ],
  "53": [
    190.9854898101865,
    136.51571786343237
  ],
  "54": [
    174.97623730977068,
    117.95647102841617
  ],
  "55": [
    165.5978942287255,
    118.59504370348678
  ],
  "56": [
    174.26731680190468,
    136.11560703996838
  ],
  "57": [
    159.5852520034483,
    136.23197922310425
  ],
  "58": [
    149.49874494551477,
    134.01707493570046
  ],
  "59": [
    124.419700284387,
    119.15895411562518
  ],
  "60": [
    138.09154148888504,
    118.28807688290217
  ],
  "61": [
    137.0516871804803,
    132.74762004784228
  ],
  "62": [
    124.07868975195902,
    131.85052321475032
  ],
  "63": [
    90.88434224778024,
    109.38639866415902
  ],
  "64": [
    95.49252585450189,
    126.56248245956677
  ],
  "65": [
    106.07369614251535,
    116.68366436039018
  ],
  "66": [
    109.55944207691785,
    130.17717091453397
  ],
  "67": [
    97.33470493890206,
    77.23820247135399
  ],
  "68": [
    84.83201202966981,
    82.94660330533019
  ],
  "69": [
    90.98052823821425,
    79.75628564553662
  ],
  "70": [
    133.69722642392924,
    54.81206039667879
  ],
  "71": [
    114.94653469779377,
    57.635152219674865
  ],
  "72": [
    84.01310368492032,
    49.893120083115676
  ],
  "73": [
    88.259405756338,
    60.36378939418198
  ],
  "74": [
    132.04909695264215,
    20.072398316657853
  ],
  "75": [
    183.16532296193094,
    117.36416619292889
  ],
  "76": [
    184.8160199168232,
    125.9244295664661
  ],
  "77": [
    230.0592865302971,
    136.69811526283578
  ],
  "78": [
    247.40576891285778,
    131.9887709368462
  ],
  "79": [
    6.274486692670476,
    14.165729207805716
  ],
  "80": [
    178.68512247627444,
    21.173066596864572
  ],
  "81": [
    153.59045056911933,
    19.44778231145051
  ],
  "82": [
    150.3676303097416,
    120.1827822472397
  ],
  "83": [
    165.19976409992464,
    14.553868786869092
  ],
  "84": [
    243.49153814396428,
    62.73498786194906
  ],
  "85": [
    237.92640968197054,
    116.42830722140607
  ],
  "86": [
    170.90781772443128,
    103.14997645183479
  ],
  "87": [
    87.62833947380702,
    95.50975401844549
  ],
  "88": [
    220.28788671047357,
    116.55548122413003
  ],
  "89": [
    262.83898958105937,
    95.11244503434614
  ],
  "90": [
    232.78727533953443,
    78.32414931171331
  ],
  "91": [
    200.19564963871946,
    46.80908889826914
  ],
  "92": [
    228.24621291172102,
    51.86981857966977
  ],
  "93": [
    214.8023551150173,
    44.90448998441756
  ],
  "94": [
    229.32819736647951,
    64.58699606651305
  ],
  "95": [
    201.88039748422668,
    14.556648367596132
  ],
  "96": [
    189.9941072293213,
    19.557361317642776
  ],
  "97": [
    116.07843830502927,
    19.48252539254906
  ],
  "98": [
    165.77977853583783,
    22.857260525339562
  ],
  "99": [
    108.72877708729878,
    23.07714454429264
  ],
  "100": [
    109.21870569080133,
    14.578327477389015
  ],
  "101": [
    189.53558700637547,
    12.237428041437727
  ],
  "102": [
    123.37376158649096,
    19.870902560827048
  ],
  "103": [
    177.8883580749659,
    13.544227034848761
  ],
  "104": [
    218.32387254159505,
    11.78676250020318
  ],
  "105": [
    248.2983461477424,
    80.22670311262921
  ],
  "106": [
    191.92935571518007,
    98.81897888712027
  ],
  "107": [
    172.67244994183324,
    111.66525044504053
  ],
  "108": [
    240.087615272415,
    32.12419599277973
  ],
  "109": [
    142.14530032023717,
    104.75436101401272
  ],
  "110": [
    121.48604974553378,
    109.47955471162352
  ],
  "111": [
    89.218119664446,
    37.64870882414249
  ],
  "112": [
    189.8335711282935,
    118.97257655439084
  ],
  "113": [
    213.20819424825012,
    116.54820019550331
  ],
  "114": [
    218.91210988083142,
    132.86692069610993
  ],
  "115": [
    254.50130267210915,
    107.15563587505014
  ],
  "116": [
    246.0020412967627,
    119.03006424065711
  ],
  "117": [
    114.90432681462455,
    124.75065656725147
  ],
  "118": [
    115.79734716094288,
    38.148929713694116
  ],
  "119": [
    126.39169378199765,
    56.643238995825136
  ],
  "120": [
    76.32905038343728,
    17.19887221909848
  ],
  "121": [
    251.5817539339645,
    5.331186957447164
  ],
  "122": [
    214.62900196935237,
    96.87326509465966
  ],
  "123": [
    229.80160497274557,
    118.20886196994243
  ],
  "124": [
    226.56357182805996,
    106.5038960510306
  ],
  "125": [
    199.91998266638666,
    128.38328175776206
  ],
  "126": [
    183.34794809666855,
    133.41895967118924
  ],
  "127": [
    176.75863235944414,
    54.1311593381525
  ],
  "128": [
    166.20406721487458,
    126.98982353725472
  ],
  "129": [
    103.26285682326947,
    65.99740130079502
  ],