node_id,pred_flow
67,7544.0073
68,414.5403
69,108.30111
70,324.312
71,276.7635
72,289.4571
73,414.03912
74,473.40018
75,52.94633
76,125.8287
77,532.9942
78,677.09607
79,350.68512
80,576.67566
81,195.04657
82,104.5
83,787.83
84,283.02496
85,479.53293
86,169.70044
87,310.6411
88,73.12192
89,348.00436
90,209.12898
91,338.74023
92,621.5833
93,211.27963
94,341.6134
95,1523.7301
96,431.82602
97,326.35797
98,151.75987
99,401.02176
100,336.4186
